{
  "id": "dc20rpg",
  "title": "DC20Rpg",
  "description": "Game System based on Dungeon's Coach DC 20 RPG!",
  "version": "0.6.0",
  "compatibility": {
    "minimum": 11,
    "verified": "11.315",
    "maximum": 12
  },
  "authors": [{
    "name": "Pazindor",
    "email": "xxpazindorxx@gmail.com",
    "discord": ""
  }],
  "esmodules": ["module/dc20rpg.mjs"],
  "styles": ["css/dc20rpg.css"],
  "scripts": [],
  "packs": [
    {
      "label": "Inventory",
      "type": "Item",
      "name": "inventory",
      "path": "packs/inventory",
      "system": "dc20rpg",
      "private": false,
      "flags": {}
    },
    {
      "label": "Spells",
      "type": "Item",
      "name": "spells",
      "path": "packs/spells",
      "system": "dc20rpg",
      "private": false,
      "flags": {}
    },
    {
      "label": "Techniques",
      "type": "Item",
      "name": "techniques",
      "path": "packs/techniques",
      "system": "dc20rpg",
      "private": false,
      "flags": {}
    },
    {
      "label": "Classes",
      "type": "Item",
      "name": "classes",
      "path": "packs/classes",
      "system": "dc20rpg",
      "private": false,
      "flags": {}
    },
    {
      "label": "Ancestries",
      "type": "Item",
      "name": "ancestries",
      "path": "packs/ancestries",
      "system": "dc20rpg",
      "private": false,
      "flags": {}
    },
    {
      "label": "Backgrounds",
      "type": "Item",
      "name": "backgrounds",
      "path": "packs/backgrounds",
      "system": "dc20rpg",
      "private": false,
      "flags": {}
    },
    {
      "label": "Talents",
      "type": "Item",
      "name": "talents",
      "path": "packs/talents",
      "system": "dc20rpg",
      "private": false,
      "flags": {}
    },
    {
      "label": "Active Effects",
      "type": "Macro",
      "name": "active-effects",
      "path": "packs/active-effects",
      "system": "dc20rpg",
      "private": false,
      "flags": {}
    },
    {
      "label": "Monsters",
      "type": "Actor",
      "name": "monsters",
      "path": "packs/monsters",
      "system": "dc20rpg",
      "private": false,
      "flags": {}
    }
  ],
  "languages": [
    {
      "lang": "en",
      "name": "English",
      "path": "lang/en.json"
    }
  ],
  "gridDistance": 1,
  "gridUnits": "Space",
  "primaryTokenAttribute": "resources.health",
  "url": "",
  "manifest": "https://github.com/pazindorb/dc20rpg/releases/download/0.6.1/system.json",
  "download": "https://github.com/pazindorb/dc20rpg/releases/download/0.6.1/dc20rpg.zip"
}
