{
  "Actor": {
    "types": ["character", "npc"],
    "templates": {
      "base": {
        "defences": {
          "physical": {
            "customFormula": "",
            "armorBonus": 0,
            "value": 8,
            "normal": 8,
            "heavy": 0,
            "brutal": 0,
            "bonus": 0
          },
          "mental": {
            "customFormula": "",
            "value": 8,
            "normal": 8,
            "heavy": 0,
            "brutal": 0,
            "bonus": 0
          }
        },
        "details": {
          "level": 0,
          "combatMastery": 0,
          "size": "medium",
          "cantripsKnown": 0,
          "spellsKnown": 0,
          "techniquesKnown": 0,
          "martial": false,
          "spellcaster": false
        },
        "globalFormulaModifiers": {
          "attributeCheck": "",
          "attackCheck": "",
          "spellCheck": "",
          "skillCheck": "",
          "tradeCheck": "",
          "save": ""
        },
        "rollMenu": {
          "dis": 0,
          "adv": 0,
          "d8": 0,
          "d6": 0,
          "d4": 0,
          "initiative": false
        },
        "death": {
          "active": false,
          "treshold": 0,
          "doomed": 0,
          "stable": true,
          "bonus": 0
        },
        "exhaustion": 0,
        "resources": {
          "health": {
            "bonus": 0,
            "value": 6,
            "current": 6,
            "max": 6,
            "temp": null,
            "tempMax": null
          },
          "mana": {
            "bonus": 0,
            "value": 0,
            "max": 0
          },
          "stamina": {
            "bonus": 0,
            "value": 0,
            "max": 0
          },
          "ap": {
            "bonus": 0,
            "value": 4,
            "max": 4
          },
          "grit": {
            "value": 0,
            "max": 0
          },
          "custom": {}
        },
        "jump": {
          "value": 0,
          "bonus": 0,
          "attribute": "agi" 
        },
        "movement": {
          "speed": {
            "current": 5,
            "value": 5,
            "bonus": 0
          },
          "climbing": {
            "current": 0,
            "value": 0,
            "bonus": 0,
            "hasSpeed": false
          },
          "swimming": {
            "current": 0,
            "value": 0,
            "bonus": 0,
            "hasSpeed": false
          },
          "burrow": {
            "current": 0,
            "value": 0,
            "bonus": 0,
            "hasSpeed": false
          },
          "flying": {
            "current": 0,
            "value": 0,
            "bonus": 0,
            "hasSpeed": false
          }
        },
        "vision": {
          "darkvision": {
            "label": "Darkvision",
            "range": 0,
            "bonus": 0
          },
          "tremorsense": {
            "label": "Tremorsense",
            "range": 0,
            "bonus": 0
          },
          "blindsight": {
            "label": "Blindsight",
            "range": 0,
            "bonus": 0
          },
          "truesight": {
            "label": "Truesight",
            "range": 0,
            "bonus": 0
          }
        },
        "saveDC": {
          "value": {
            "spell": 8,
            "martial": 8
          },
          "bonus": {
            "spell": 0,
            "martial": 0
          }
        },
        "attackMod": {
          "value": {
            "spell": 0,
            "martial": 0
          },
          "bonus": {
            "spell": 0,
            "martial": 0
          }
        },
        "journal": ""
      },
      "attributes": {
        "attributes": {
          "mig": {
            "saveMastery": false,
            "value": 0,
            "save": 0,
            "bonuses": {
              "check": 0,
              "save": 0
            }
          },
          "agi": {
            "saveMastery": false,
            "value": 0,
            "save": 0,
            "bonuses": {
              "check": 0,
              "save": 0
            }
          },
          "int": {
            "saveMastery": false,
            "value": 0,
            "save": 0,
            "bonuses": {
              "check": 0,
              "save": 0
            }
          },
          "cha": {
            "saveMastery": false,
            "value": 0,
            "save": 0,
            "bonuses": {
              "check": 0,
              "save": 0
            }
          }
        }
      },
      "skills": {
        "skills": {
          "awa": {
            "expertise": 0,
            "modifier": 0,
            "baseAttribute": "prime",
            "bonus": 0,
            "skillMastery": ""
          },
          "acr": {
            "expertise": 0,
            "modifier": 0,
            "baseAttribute": "agi",
            "bonus": 0,
            "skillMastery": ""
          },
          "ani": {
            "expertise": 0,
            "modifier": 0,
            "baseAttribute": "cha",
            "bonus": 0,
            "skillMastery": ""
          },
          "ath": {
            "expertise": 0,
            "modifier": 0,
            "baseAttribute": "mig",
            "bonus": 0,
            "skillMastery": ""
          },
          "arc": {
            "expertise": 0,
            "modifier": 0,
            "baseAttribute": "int",
            "bonus": 0,
            "skillMastery": "",
            "knowledgeSkill": true,
            "custom": false
          },
          "his": {
            "expertise": 0,
            "modifier": 0,
            "baseAttribute": "int",
            "bonus": 0,
            "skillMastery": "",
            "knowledgeSkill": true,
            "custom": false
          },
          "inf": {
            "expertise": 0,
            "modifier": 0,
            "baseAttribute": "cha",
            "bonus": 0,
            "skillMastery": ""
          },
          "inm": {
            "expertise": 0,
            "modifier": 0,
            "baseAttribute": "mig",
            "bonus": 0,
            "skillMastery": ""
          },
          "ins": {
            "expertise": 0,
            "modifier": 0,
            "baseAttribute": "cha",
            "bonus": 0,
            "skillMastery": ""
          },
          "inv": {
            "expertise": 0,
            "modifier": 0,
            "baseAttribute": "int",
            "bonus": 0,
            "skillMastery": ""
          },
          "med": {
            "expertise": 0,
            "modifier": 0,
            "baseAttribute": "int",
            "bonus": 0,
            "skillMastery": ""
          }, 
          "nat": {
            "expertise": 0,
            "modifier": 0,
            "baseAttribute": "int",
            "bonus": 0,
            "skillMastery": "",
            "knowledgeSkill": true,
            "custom": false
          },  
          "occ": {
            "expertise": 0,
            "modifier": 0,
            "baseAttribute": "int",
            "bonus": 0,
            "skillMastery": "",
            "knowledgeSkill": true,
            "custom": false
          },
          "rel": {
            "expertise": 0,
            "modifier": 0,
            "baseAttribute": "int",
            "bonus": 0,
            "skillMastery": "",
            "knowledgeSkill": true,
            "custom": false
          },
          "ste": {
            "expertise": 0,
            "modifier": 0,
            "baseAttribute": "agi",
            "bonus": 0,
            "skillMastery": ""
          }, 
          "sur": {
            "expertise": 0,
            "modifier": 0,
            "baseAttribute": "int",
            "bonus": 0,
            "skillMastery": ""
          },
          "tri": {
            "expertise": 0,
            "modifier": 0,
            "baseAttribute": "agi",
            "bonus": 0,
            "skillMastery": ""
          }
        }
      },
      "languages": {
        "languages": {
          "com": {
            "languageMastery": 2,
            "category": "mortal"
          },
          "hum": {
            "languageMastery": 0,
            "category": "mortal"
          },
          "dwa": {
            "languageMastery": 0,
            "category": "mortal"
          },
          "elv": {
            "languageMastery": 0,
            "category": "mortal"
          },
          "gno": {
            "languageMastery": 0,
            "category": "mortal"
          },
          "hal": {
            "languageMastery": 0,
            "category": "mortal"
          },
          "gia": {
            "languageMastery": 0,
            "category": "exotic"
          },
          "dra": {
            "languageMastery": 0,
            "category": "exotic"
          },
          "orc": {
            "languageMastery": 0,
            "category": "exotic"
          },
          "fey": {
            "languageMastery": 0,
            "category": "exotic"
          },
          "ele": {
            "languageMastery": 0,
            "category": "exotic"
          },
          "cel": {
            "languageMastery": 0,
            "category": "divine"
          },
          "fie": {
            "languageMastery": 0,
            "category": "divine"
          },
          "dee": {
            "languageMastery": 0,
            "category": "outer"
          }
        }
      },
      "trade": {
        "tradeSkills": {
          "alc": {
            "expertise": 0,
            "modifier": 0,
            "bonus": 0,
            "baseAttribute": "int",
            "skillMastery": ""
          },
          "bla": {
            "expertise": 0,
            "modifier": 0,
            "bonus": 0,
            "baseAttribute": "mig",
            "skillMastery": ""
          },
          "bre": {
            "expertise": 0,
            "modifier": 0,
            "bonus": 0,
            "baseAttribute": "int",
            "skillMastery": ""
          },
          "cap": {
            "expertise": 0,
            "modifier": 0,
            "bonus": 0,
            "baseAttribute": "agi",
            "skillMastery": ""
          },
          "car": {
            "expertise": 0,
            "modifier": 0,
            "bonus": 0,
            "baseAttribute": "int",
            "skillMastery": ""
          },
          "coo": {
            "expertise": 0,
            "modifier": 0,
            "bonus": 0,
            "baseAttribute": "int",
            "skillMastery": ""
          },
          "cry": {
            "expertise": 0,
            "modifier": 0,
            "bonus": 0,
            "baseAttribute": "int",
            "skillMastery": ""
          },
          "dis": {
            "expertise": 0,
            "modifier": 0,
            "bonus": 0,
            "baseAttribute": "cha",
            "skillMastery": ""
          },
          "gam": {
            "expertise": 0,
            "modifier": 0,
            "bonus": 0,
            "baseAttribute": "cha",
            "skillMastery": ""
          },
          "gla": {
            "expertise": 0,
            "modifier": 0,
            "bonus": 0,
            "baseAttribute": "mig",
            "skillMastery": ""
          },
          "her": {
            "expertise": 0,
            "modifier": 0,
            "bonus": 0,
            "baseAttribute": "int",
            "skillMastery": ""
          },
          "ill": {
            "expertise": 0,
            "modifier": 0,
            "bonus": 0,
            "baseAttribute": "agi",
            "skillMastery": ""
          },
          "jew": {
            "expertise": 0,
            "modifier": 0,
            "bonus": 0,
            "baseAttribute": "agi",
            "skillMastery": ""
          },
          "lea": {
            "expertise": 0,
            "modifier": 0,
            "bonus": 0,
            "baseAttribute": "agi",
            "skillMastery": ""
          },
          "loc": {
            "expertise": 0,
            "modifier": 0,
            "bonus": 0,
            "baseAttribute": "agi",
            "skillMastery": ""
          },
          "mas": {
            "expertise": 0,
            "modifier": 0,
            "bonus": 0,
            "baseAttribute": "mig",
            "skillMastery": ""
          },
          "mus": {
            "expertise": 0,
            "modifier": 0,
            "bonus": 0,
            "baseAttribute": "cha",
            "skillMastery": ""
          },
          "scu": {
            "expertise": 0,
            "modifier": 0,
            "bonus": 0,
            "baseAttribute": "agi",
            "skillMastery": ""
          },
          "the": {
            "expertise": 0,
            "modifier": 0,
            "bonus": 0,
            "baseAttribute": "cha",
            "skillMastery": ""
          },
          "tin": {
            "expertise": 0,
            "modifier": 0,
            "bonus": 0,
            "baseAttribute": "int",
            "skillMastery": ""
          },
          "wea": {
            "expertise": 0,
            "modifier": 0,
            "bonus": 0,
            "baseAttribute": "agi",
            "skillMastery": ""
          },
          "veh": {
            "expertise": 0,
            "modifier": 0,
            "bonus": 0,
            "baseAttribute": "agi",
            "skillMastery": ""
          }
        }
      },
      "damageReductions": {
        "damageReduction": {
          "pdr": {
            "number": 0,
            "value": 0,
            "bonus": 0
          },
          "mdr": {
            "number": 0,
            "value": 0,
            "bonus": 0
          },
          "damageTypes": {
            "acid": {
              "vulnerable": 0,
              "resist": 0,
              "vulnerability": false,
              "resistance": false,
              "immune": false,
              "category": "elemental"
            },
            "cold": {
              "vulnerable": 0,
              "resist": 0,
              "vulnerability": false,
              "resistance": false,
              "immune": false,
              "category": "elemental"
            },
            "fire": {
              "vulnerable": 0,
              "resist": 0,
              "vulnerability": false,
              "resistance": false,
              "immune": false,
              "category": "elemental"
            },
            "force": {
              "vulnerable": 0,
              "resist": 0,
              "vulnerability": false,
              "resistance": false,
              "immune": false,
              "category": "other"
            },
            "holy": {
              "vulnerable": 0,
              "resist": 0,
              "vulnerability": false,
              "resistance": false,
              "immune": false,
              "category": "mystical"
            },
            "lightning": {
              "vulnerable": 0,
              "resist": 0,
              "vulnerability": false,
              "resistance": false,
              "immune": false,
              "category": "elemental"
            },
            "poison": {
              "vulnerable": 0,
              "resist": 0,
              "vulnerability": false,
              "resistance": false,
              "immune": false,
              "category": "elemental"
            },
            "psychic": {
              "vulnerable": 0,
              "resist": 0,
              "vulnerability": false,
              "resistance": false,
              "immune": false,
              "category": "mystical"
            },
            "sonic": {
              "vulnerable": 0,
              "resist": 0,
              "vulnerability": false,
              "resistance": false,
              "immune": false,
              "category": "mystical"
            },
            "unholy": {
              "vulnerable": 0,
              "resist": 0,
              "vulnerability": false,
              "resistance": false,
              "immune": false,
              "category": "mystical"
            },
            "piercing": {
              "vulnerable": 0,
              "resist": 0,
              "vulnerability": false,
              "resistance": false,
              "immune": false,
              "nonMagical": false,
              "nonSilvered": false,
              "category": "physical"
            },
            "slashing": {
              "vulnerable": 0,
              "resist": 0,
              "vulnerability": false,
              "resistance": false,
              "immune": false,
              "nonMagical": false,
              "nonSilvered": false,
              "category": "physical"
            },
            "bludgeoning": {
              "vulnerable": 0,
              "resist": 0,
              "vulnerability": false,
              "resistance": false,
              "immune": false,
              "nonMagical": false,
              "nonSilvered": false,
              "category": "physical"
            }
          }
        }
      },
      "conditionImmunities": {
        "immunities": {
          "conditions": {
            "charmed": {
              "active": false
            },
            "burning": {
              "active": false
            },
            "bleeding": {
              "active": false
            },
            "poisoned": {
              "active": false
            },
            "taunted": {
              "active": false
            },
            "deafened": {
              "active": false
            },
            "blinded": {
              "active": false
            },
            "intimidated": {
              "active": false
            },
            "rattled": {
              "active": false
            },
            "frightened": {
              "active": false
            },
            "slowed": {
              "active": false
            },
            "grapple": {
              "active": false
            },
            "exposed": {
              "active": false
            },
            "hindered": {
              "active": false
            },
            "restrained": {
              "active": false
            },
            "prone": {
              "active": false
            },
            "incapacitated": {
              "active": false
            },
            "stunned": {
              "active": false
            },
            "paralyzed": {
              "active": false
            },
            "unconscious": {
              "active": false
            },
            "petrified": {
              "active": false
            },
            "surprised": {
              "active": false
            },
            "doomed": {
              "active": false
            },
            "exhaustion": {
              "active": false
            },
            "impared": {
              "active": false
            },
            "dazed": {
              "active": false
            }
          },
          "custom": ""
        }
      }
    },
    "character": {
      "templates": ["base", "attributes", "skills", "languages", "trade", "damageReductions", "conditionImmunities"],
      "details": {
        "class": {
          "id": ""
        },
        "subclass": {
          "id": ""
        },
        "ancestry": {
          "id": ""
        },
        "background": {
          "id": ""
        }
      },
      "skillPoints": {
        "skill": {
          "max": 0,
          "extra": 0,
          "converted": 0,
          "spent": 0
        },
        "trade": {
          "max": 0,
          "extra": 0,
          "converted": 0,
          "spent": 0
        },
        "knowledge": {
          "max": 0,
          "extra": 0,
          "converted": 0,
          "spent": 0
        },
        "language": {
          "max": 0,
          "extra": 0,
          "converted": 0,
          "spent": 0
        },
        "expertise": {
          "max": 0,
          "spent": 0
        }
      },
      "scaling": {},
      "defences": {
        "physical": {
          "formulaKey": "standard"
        },
        "mental": {
          "formulaKey": "standard"
        }
      },
      "masteries": {
        "lightWeapon": false,
        "heavyWeapon": false,
        "lightShield": false,
        "heavyShield": false,
        "lightArmor": false,
        "heavyArmor": false,
        "spellcasting": false
      },
      "rest": {
        "restPoints": {
          "current": 0,
          "max": 0
        },
        "longRest": {
          "half": false,
          "noActivity": false,
          "exhSaveDC": 10
        }
      }
    },
    "npc": {
      "templates": ["base", "attributes", "skills", "languages", "damageReductions", "conditionImmunities"],
      "defences": {
        "physical": {
          "formulaKey": "flat"
        },
        "mental": {
          "formulaKey": "flat"
        }
      },
      "details": {
        "creatureType": "",
        "aligment": ""
      },
      "masteries": {
        "lightWeapon": true,
        "heavyWeapon": true,
        "lightShield": true,
        "heavyShield": true,
        "lightArmor": true,
        "heavyArmor": true,
        "spellcasting": true
      },
      "saveDC": {
        "flat": false
      },
      "attackMod": {
        "flat": false
      }
    }
  },

  "Item": {
    "types": ["weapon", "equipment", "consumable", "tool", "loot", "feature", "technique", "spell", "class", "subclass", "ancestry", "background"],
    "templates": {
      "usable": {
        "isReaction": false,
        "actionType": "",
        "attackFormula": {
          "checkType": "attack",
          "targetDefence": "physical",
          "rollBonus": 0,
          "combatMastery": true,
          "critThreshold": 20,
          "overriden": false,
          "formula": "",
          "overridenFormula": "",
          "halfDmgOnMiss": false
        },
        "duration": {
          "value": null,
          "type": "instantaneous",
          "timeUnit": ""
        },
        "range": {
          "normal": null,
          "max": null,
          "unit": ""
        },
        "target": {
          "area": "",
          "count": null,
          "distance": null,
          "invidual": true,
          "type": "",
          "unit": "",
          "width": null
        },
        "check": {
          "canCrit": false,
          "checkKey": "att",
          "contestedKey": "phy",
          "checkDC": null
        },
        "formulas": {
        },
        "save": {
          "type": "phy",
          "dc": null,
          "calculationKey": "spell",
          "addMastery": false
        },
        "costs": {
          "resources": {
            "actionPoint": null,
            "stamina": null,
            "mana": null,
            "health": null,
            "custom": {}
          },
          "charges": {
            "current": null,
            "max": null,
            "maxChargesFormula": null,
            "overriden": false,
            "rechargeFormula": "",
            "reset": "",
            "showAsResource": false
          },
          "otherItem": {
            "itemId": "",
            "amountConsumed": 0,
            "consumeCharge": true
          }
        }
      },
      "base": {
        "description": "",
        "tableName": "",
        "source": "",
        "rollMenu": {
          "showMenu": false,
          "dis": 0,
          "adv": 0,
          "d8": 0,
          "d6": 0,
          "d4": 0,
          "free": false,
          "versatile": false
        }
      },
      "item": {
        "quantity": 1,
        "weight": 0,
        "price": {
          "value": 0,
          "currency": "gp"
        },
        "rarity": "",
        "statuses": {
          "attuned": false,
          "equipped": false,
          "identified": true
        },
        "properties": {
          "attunement": {
            "active": false
          }
        }
      }
    },
    "weapon": {
      "templates": ["base", "item", "usable"],
      "weaponCategory": "",
      "weaponType": "",
      "properties": {
        "ammo": {
          "active": false
        },
        "concealable": {
          "active": false
        },
        "reach": {
          "active": false,
          "value": 1
        },
        "requirement": {
          "active": false,
          "value": ""
        },
        "reload": {
          "active": false,
          "value": 1
        },
        "special": {
          "active": false
        },
        "thrown": {
          "active": false
        },
        "impact": {
          "active": false
        },
        "threatening": {
          "active": false
        },
        "twoHanded": {
          "active": false
        },
        "unwieldy": {
          "active": false
        },
        "versatile": {
          "active": false
        }
      },
      "enhancements": {}
    },
    "equipment": {
      "templates": ["base", "item", "usable"],
      "armorBonus": 0,
      "equipmentType": "",
      "properties": {
        "reinforced": {
          "active": false
        },
        "sturdy": {
          "active": false
        },
        "dense": {
          "active": false
        },
        "requirement": {
          "active": false,
          "value": ""
        },
        "maxAgiLimit": {
          "active": false
        },
        "agiDis": {
          "active": false
        },
        "speedPenalty": {
          "active": false
        },
        "damageReduction": {
          "value": 0,
          "active": false
        },
        "mounted": {
          "active": false
        },
        "thrown": {
          "active": false
        }
      }
    },
    "consumable": {
      "templates": ["base", "item", "usable"],
      "consumableType": "",
      "consume": true,
      "deleteOnZero": true,
      "showAsResource": false
    },
    "tool": {
      "templates": ["base", "item"],
      "tradeSkillKey": "",
      "actionType": "tradeSkill",
      "rollBonus": 0
    },
    "loot": {
      "templates": ["base", "item"]
    },
    "feature": {
      "templates": ["base", "usable"],
      "featureType": "",
      "featureOrigin": "",
      "usesWeapon": "",
      "activableEffect": {
        "hasEffects": false,
        "active": false
      },
      "enhancements": {}
    },
    "technique": {
      "templates": ["base", "usable"],
      "techniqueType": "",
      "techniqueOrigin": "",
      "usesWeapon": "",
      "activableEffect": {
        "hasEffects": false,
        "active": false
      },
      "enhancements": {}
    },
    "spell": {
      "templates": ["base", "usable"],
      "spellLists": {
        "arcane": {
          "active": false
        },
        "divine": {
          "active": false
        },
        "primal": {
          "active": false
        }
      },
      "spellType": "",
      "spellOrigin": "",
      "magicSchool": "",
      "activableEffect": {
        "hasEffects": false,
        "active": false
      },
      "components": {
        "verbal": {
          "active": false,
          "char": "V"
        },
        "somatic": {
          "active": false,
          "char": "S"
        },
        "material": {
          "active": false,
          "description": "",
          "cost": "",
          "consumed": false,
          "char": "M"
        }
      },
      "tags": {
        "fire": {
          "active": false
        },
        "water": {
          "active": false
        },
        "gravity": {
          "active": false
        }
      },
      "enhancements": {},
      "attackFormula": {
        "checkType": "spell"
      }
    },
    "class": {
      "description": "",
      "level": 1,
      "masteries": {
        "lightWeapon": true,
        "heavyWeapon": false,
        "lightShield": false,
        "heavyShield": false,
        "lightArmor": true,
        "heavyArmor": false,
        "spellcasting": false
      },
      "martial": false,
      "spellcaster": false,
      "scaling": {
        "maxHpBonus": {
          "label": "Max Health Bonus",
          "values": [0,0,0,0,0,0,0,0,0,0,0,0,0,0,0,0,0,0,0,0],
          "core": true
        },
        "bonusStamina": {
          "label": "Bonus Stamina",
          "values": [0,0,0,0,0,0,0,0,0,0,0,0,0,0,0,0,0,0,0,0],
          "core": true
        },
        "bonusMana": {
          "label": "Bonus Mana",
          "values": [0,0,0,0,0,0,0,0,0,0,0,0,0,0,0,0,0,0,0,0],
          "core": true
        },
        "skillPoints": {
          "label": "Skill Points",
          "values": [0,0,0,0,0,0,0,0,0,0,0,0,0,0,0,0,0,0,0,0],
          "core": true
        },
        "tradePoints": {
          "label": "Trade Points",
          "values": [0,0,0,0,0,0,0,0,0,0,0,0,0,0,0,0,0,0,0,0],
          "core": true
        }
      },
      "advancements": {
      }
    },
    "subclass": {
      "description": "",
      "scaling": {
      },
      "advancements": {
      }
    },
    "background": {
      "description": "",
      "skillPoints": 5,
      "tradePoints": 3,
      "langPoints": 2,
      "scaling": {
      },
      "advancements": {
      }
    },
    "ancestry": {
      "description": "",
      "movement": {
        "speed": 5
      },
      "size": "medium",
      "scaling": {
      },
      "advancements": {
      }
    }
  }
}

